{"scale": 7.60063813110452, "cornerPoints": null, "cameraMatrix": [[10491.787312756476, 0.0, 892.7779877991493], [0.0, 10485.312936268812, 521.1363164186249], [0.0, 0.0, 1.0]], "distParam": [2.1009765739345982, -688.4610128115254, 0.04787209491179251, 0.11623441378074727, 10947.38994823937]}