{"scale": 3.5796953431821543, "cornerPoints": null, "cameraMatrix": [[10789.282611520159, 0.0, 891.9591667630546], [0.0, 10796.40578095606, 522.8232779008638], [0.0, 0.0, 1.0]], "distParam": [2.415898709923177, -758.7506400088695, 0.050377651020679995, 0.12424498492595766, 8331.282868112265]}